ID,Digit
1,3
2,1
3,4
4,1
5,5
6,9
7,2
8,6
9,5
10,3
11,5
12,8
13,9
14,7
15,9
16,3
17,2
18,3
19,8
20,4
21,6
22,2
23,6
24,4
25,3
26,3
27,8
28,3
29,2
30,7
31,9
32,5
33,0
34,2
35,8
36,8
37,4
38,1
39,9
40,7
41,1
42,6
43,9
44,3
45,9
46,9
47,3
48,7
49,5
50,1
51,0
52,5
53,8
54,2
55,0
56,9
57,7
58,4
59,9
60,4
61,4
62,5
63,9
64,2
65,3
66,0
67,7
68,8
69,1
70,6
71,4
72,0
73,6
74,2
75,8
76,6
77,2
78,0
79,8
80,9
81,9
82,8
83,6
84,2
85,8
86,0
87,3
88,4
89,8
90,2
91,5
92,3
93,4
94,2
95,1
96,1
97,7
98,0
99,6
100,7
101,9
102,8
103,2
104,1
105,4
106,8
107,0
108,8
109,6
110,5
111,1
112,3
113,2
114,8
115,2
116,3
117,0
118,6
119,6
120,4
121,7
122,0
123,9
124,3
125,8
126,4
127,4
128,6
129,0
130,9
131,5
132,5
133,0
134,5
135,8
136,2
137,2
138,3
139,1
140,7
141,2
142,5
143,3
144,5
145,9
146,4
147,0
148,8
149,1
150,2
151,8
152,4
153,8
154,1
155,1
156,1
157,7
158,4
159,5
160,0
161,2
162,8
163,4
164,1
165,0
166,2
167,7
168,0
169,1
170,9
171,3
172,8
173,5
174,2
175,1
176,1
177,0
178,5
179,5
180,5
181,9
182,6
183,4
184,4
185,6
186,2
187,2
188,9
189,4
190,8
191,9
192,5
193,4
194,9
195,3
196,0
197,3
198,8
199,1
200,9
201,6
202,4
203,4
204,2
205,8
206,8
207,1
208,0
209,9
210,7
211,5
212,6
213,6
214,5
215,9
216,3
217,3
218,4
219,4
220,6
221,1
222,2
223,8
224,4
225,7
226,5
227,6
228,4
229,8
230,2
231,3
232,3
233,7
234,8
235,6
236,7
237,8
238,3
239,1
240,6
241,5
242,2
243,7
244,1
245,2
246,0
247,1
248,9
249,0
250,9
251,1
252,4
253,5
254,6
255,4
256,8
257,5
258,6
259,6
260,9
261,2
262,3
263,4
264,6
265,0
266,3
267,4
268,8
269,6
270,1
271,0
272,4
273,5
274,4
275,3
276,2
277,6
278,6
279,4
280,8
281,2
282,1
283,3
284,3
285,9
286,3
287,6
288,0
289,7
290,2
291,6
292,0
293,2
294,4
295,9
296,1
297,4
298,1
299,2
300,7
301,3
302,7
303,2
304,4
305,5
306,8
307,7
308,0
309,0
310,6
311,6
312,0
313,6
314,3
315,1
316,5
317,5
318,8
319,8
320,1
321,7
322,4
323,8
324,8
325,1
326,5
327,2
328,0
329,9
330,2
331,0
332,9
333,6
334,2
335,8
336,2
337,9
338,2
339,5
340,4
341,0
342,9
343,1
344,7
345,1
346,5
347,3
348,6
349,4
350,3
351,6
352,7
353,8
354,9
355,2
356,5
357,9
358,0
359,3
360,6
361,0
362,0
363,1
364,1
365,3
366,3
367,0
368,5
369,3
370,0
371,5
372,4
373,8
374,8
375,2
376,0
377,4
378,6
379,6
380,5
381,2
382,1
383,3
384,8
385,4
386,1
387,4
388,6
389,9
390,5
391,1
392,9
393,4
394,1
395,5
396,1
397,1
398,6
399,0
400,9
401,4
402,3
403,3
404,0
405,5
406,7
407,2
408,7
409,0
410,3
411,6
412,5
413,7
414,5
415,9
416,5
417,9
418,1
419,9
420,5
421,3
422,0
423,9
424,2
425,1
426,8
427,6
428,1
429,1
430,7
431,3
432,8
433,1
434,9
435,3
436,2
437,6
438,1
439,1
440,7
441,9
442,3
443,1
444,0
445,5
446,1
447,1
448,8
449,5
450,4
451,8
452,0
453,7
454,4
455,4
456,6
457,2
458,3
459,7
460,9
461,9
462,6
463,2
464,7
465,4
466,9
467,5
468,6
469,7
470,3
471,5
472,1
473,8
474,8
475,5
476,7
477,5
478,2
479,7
480,2
481,4
482,8
483,9
484,1
485,2
486,2
487,7
488,9
489,3
490,8
491,1
492,8
493,3
494,0
495,1
496,1
497,9
498,4
499,9
500,1
501,2
502,9
503,8
504,3
505,3
506,6
507,7
508,3
509,3
510,6
511,2
512,4
513,4
514,0
515,6
516,5
517,6
518,6
519,4
520,3
521,0
522,8
523,6
524,0
525,2
526,1
527,3
528,9
529,4
530,9
531,4
532,6
533,3
534,9
535,5
536,2
537,2
538,4
539,7
540,3
541,7
542,1
543,9
544,0
545,7
546,0
547,2
548,1
549,7
550,9
551,8
552,6
553,0
554,9
555,4
556,3
557,7
558,0
559,2
560,7
561,7
562,0
563,5
564,3
565,9
566,2
567,1
568,7
569,1
570,7
571,6
572,2
573,9
574,3
575,1
576,7
577,6
578,7
579,5
580,2
581,3
582,8
583,4
584,6
585,7
586,4
587,8
588,1
589,8
590,4
591,6
592,7
593,6
594,6
595,9
596,4
597,0
598,5
599,1
600,3
601,2
602,0
603,0
604,0
605,5
606,6
607,8
608,1
609,2
610,7
611,1
612,4
613,5
614,2
615,6
616,3
617,5
618,6
619,0
620,8
621,2
622,7
623,7
624,8
625,5
626,7
627,7
628,1
629,3
630,4
631,2
632,7
633,5
634,7
635,7
636,8
637,9
638,6
639,0
640,9
641,1
642,7
643,3
644,6
645,3
646,7
647,1
648,7
649,8
650,7
651,2
652,1
653,4
654,6
655,8
656,4
657,4
658,0
659,9
660,0
661,1
662,2
663,2
664,4
665,9
666,5
667,3
668,4
669,3
670,0
671,1
672,4
673,6
674,5
675,4
676,9
677,5
678,8
679,5
680,3
681,7
682,1
683,0
684,5
685,0
686,7
687,9
688,2
689,2
690,7
691,9
692,6
693,8
694,9
695,2
696,5
697,8
698,9
699,2
700,3
701,5
702,4
703,2
704,0
705,1
706,9
707,9
708,5
709,6
710,1
711,1
712,2
713,1
714,2
715,9
716,0
717,2
718,1
719,9
720,6
721,0
722,8
723,6
724,4
725,0
726,3
727,4
728,4
729,1
730,8
731,1
732,5
733,9
734,8
735,1
736,3
737,6
738,2
739,9
740,7
741,7
742,4
743,7
744,7
745,1
746,3
747,0
748,9
749,9
750,6
751,0
752,5
753,1
754,8
755,7
756,0
757,7
758,2
759,1
760,1
761,3
762,4
763,9
764,9
765,9
766,9
767,9
768,9
769,8
770,3
771,7
772,2
773,9
774,7
775,8
776,0
777,4
778,9
779,9
780,5
781,1
782,0
783,5
784,9
785,7
786,3
787,1
788,7
789,3
790,2
791,8
792,1
793,6
794,0
795,9
796,6
797,3
798,1
799,8
800,5
801,9
802,5
803,0
804,2
805,4
806,4
807,5
808,9
809,4
810,5
811,5
812,3
813,4
814,6
815,9
816,0
817,8
818,3
819,0
820,2
821,6
822,4
823,2
824,5
825,2
826,2
827,3
828,0
829,8
830,2
831,5
832,3
833,3
834,4
835,4
836,6
837,8
838,5
839,0
840,3
841,5
842,2
843,6
844,1
845,9
846,3
847,1
848,1
849,8
850,8
851,1
852,7
853,1
854,0
855,1
856,0
857,0
858,0
859,3
860,1
861,3
862,7
863,8
864,3
865,8
866,7
867,5
868,2
869,8
870,8
871,6
872,5
873,8
874,7
875,5
876,3
877,3
878,2
879,0
880,8
881,3
882,8
883,1
884,4
885,2
886,0
887,6
888,1
889,7
890,1
891,7
892,7
893,6
894,6
895,9
896,1
897,4
898,7
899,3
900,0
901,3
902,5
903,9
904,8
905,2
906,5
907,3
908,4
909,9
910,0
911,4
912,2
913,8
914,7
915,5
916,5
917,4
918,6
919,8
920,7
921,3
922,1
923,1
924,5
925,9
926,5
927,6
928,2
929,8
930,6
931,3
932,8
933,8
934,2
935,3
936,5
937,3
938,7
939,8
940,7
941,5
942,9
943,3
944,7
945,5
946,1
947,9
948,5
949,7
950,7
951,8
952,1
953,8
954,5
955,7
956,7
957,8
958,0
959,5
960,3
961,2
962,1
963,7
964,1
965,2
966,2
967,6
968,8
969,0
970,6
971,6
972,1
973,3
974,0
975,0
976,1
977,9
978,2
979,7
980,8
981,7
982,6
983,6
984,1
985,1
986,1
987,9
988,5
989,9
990,0
991,9
992,2
993,1
994,6
995,4
996,2
997,0
998,1
999,9
1000,8
1001,9
1002,3
1003,8
1004,0
1005,9
1006,5
1007,2
1008,5
1009,7
1010,2
1011,0
1012,1
1013,0
1014,6
1015,5
1016,4
1017,8
1018,5
1019,8
1020,6
1021,3
1022,2
1023,7
1024,8
1025,8
1026,6
1027,5
1028,9
1029,3
1030,6
1031,1
1032,5
1033,3
1034,3
1035,8
1036,1
1037,8
1038,2
1039,7
1040,9
1041,6
1042,8
1043,2
1044,3
1045,0
1046,3
1047,0
1048,1
1049,9
1050,5
1051,2
1052,0
1053,3
1054,5
1055,3
1056,0
1057,1
1058,8
1059,5
1060,2
1061,9
1062,6
1063,8
1064,9
1065,9
1066,5
1067,7
1068,7
1069,3
1070,6
1071,2
1072,2
1073,5
1074,9
1075,9
1076,4
1077,1
1078,3
1079,8
1080,9
1081,1
1082,2
1083,4
1084,9
1085,7
1086,2
1087,1
1088,7
1089,7
1090,5
1091,2
1092,8
1093,3
1094,4
1095,7
1096,9
1097,1
1098,3
1099,1
1100,5
1101,1
1102,5
1103,5
1104,7
1105,4
1106,8
1107,5
1108,7
1109,2
1110,4
1111,2
1112,4
1113,5
1114,4
1115,1
1116,5
1117,0
1118,6
1119,9
1120,5
1121,9
1122,5
1123,0
1124,8
1125,2
1126,9
1127,5
1128,3
1129,3
1130,1
1131,1
1132,6
1133,8
1134,6
1135,1
1136,7
1137,2
1138,7
1139,8
1140,5
1141,5
1142,8
1143,8
1144,9
1145,0
1146,7
1147,5
1148,0
1149,9
1150,8
1151,3
1152,8
1153,1
1154,7
1155,5
1156,4
1157,6
1158,3
1159,7
1160,4
1161,6
1162,4
1163,9
1164,3
1165,9
1166,3
1167,1
1168,9
1169,2
1170,5
1171,5
1172,0
1173,6
1174,0
1175,4
1176,0
1177,0
1178,9
1179,2
1180,7
1181,7
1182,0
1183,1
1184,6
1185,7
1186,1
1187,1
1188,3
1189,9
1190,0
1191,0
1192,9
1193,8
1194,4
1195,8
1196,8
1197,2
1198,4
1199,0
1200,1
1201,2
1202,8
1203,5
1204,8
1205,3
1206,6
1207,1
1208,6
1209,0
1210,3
1211,5
1212,6
1213,3
1214,7
1215,0
1216,7
1217,6
1218,6
1219,0
1220,1
1221,0
1222,4
1223,7
1224,1
1225,0
1226,1
1227,8
1228,1
1229,9
1230,4
1231,2
1232,9
1233,5
1234,5
1235,5
1236,9
1237,6
1238,1
1239,9
1240,8
1241,9
1242,4
1243,6
1244,7
1245,6
1246,7
1247,8
1248,3
1249,7
1250,4
1251,4
1252,9
1253,4
1254,4
1255,8
1256,2
1257,5
1258,5
1259,3
1260,7
1261,9
1262,7
1263,7
1264,4
1265,7
1266,2
1267,6
1268,8
1269,4
1270,7
1271,1
1272,0
1273,4
1274,0
1275,4
1276,7
1277,5
1278,3
1279,4
1280,6
1281,4
1282,6
1283,2
1284,0
1285,8
1286,0
1287,4
1288,6
1289,6
1290,8
1291,4
1292,2
1293,5
1294,9
1295,0
1296,6
1297,9
1298,4
1299,9
1300,1
1301,2
1302,9
1303,3
1304,3
1305,1
1306,3
1307,6
1308,7
1309,7
1310,0
1311,2
1312,8
1313,9
1314,8
1315,9
1316,1
1317,5
1318,2
1319,1
1320,0
1321,4
1322,7
1323,5
1324,2
1325,1
1326,6
1327,2
1328,0
1329,5
1330,6
1331,9
1332,6
1333,6
1334,0
1335,2
1336,4
1337,0
1338,5
1339,8
1340,0
1341,3
1342,8
1343,1
1344,5
1345,0
1346,1
1347,9
1348,3
1349,5
1350,1
1351,1
1352,2
1353,5
1354,3
1355,3
1356,8
1357,2
1358,4
1359,3
1360,0
1361,0
1362,3
1363,5
1364,5
1365,8
1366,7
1367,6
1368,4
1369,0
1370,2
1371,4
1372,7
1373,4
1374,9
1375,6
1376,4
1377,7
1378,3
1379,2
1380,6
1381,3
1382,9
1383,1
1384,4
1385,1
1386,9
1387,9
1388,2
1389,7
1390,2
1391,6
1392,0
1393,4
1394,2
1395,6
1396,9
1397,9
1398,2
1399,2
1400,7
1401,9
1402,6
1403,7
1404,8
1405,2
1406,3
1407,5
1408,4
1409,7
1410,8
1411,1
1412,6
1413,3
1414,6
1415,0
1416,0
1417,9
1418,3
1419,4
1420,1
1421,7
1422,2
1423,1
1424,6
1425,4
1426,1
1427,2
1428,1
1429,9
1430,9
1431,2
1432,4
1433,5
1434,8
1435,6
1436,3
1437,1
1438,5
1439,0
1440,3
1441,0
1442,2
1443,8
1444,6
1445,1
1446,8
1447,2
1448,9
1449,7
1450,4
1451,5
1452,5
1453,5
1454,7
1455,0
1456,6
1457,7
1458,4
1459,9
1460,8
1461,3
1462,8
1463,5
1464,0
1465,5
1466,4
1467,9
1468,4
1469,5
1470,8
1471,8
1472,5
1473,8
1474,6
1475,9
1476,2
1477,6
1478,9
1479,9
1480,5
1481,6
1482,9
1483,0
1484,9
1485,2
1486,7
1487,2
1488,1
1489,0
1490,7
1491,9
1492,7
1493,5
1494,0
1495,9
1496,3
1497,0
1498,2
1499,9
1500,5
1501,5
1502,3
1503,2
1504,1
1505,1
1506,6
1507,5
1508,3
1509,4
1510,4
1511,9
1512,8
1513,7
1514,2
1515,0
1516,2
1517,7
1518,5
1519,5
1520,9
1521,6
1522,0
1523,2
1524,3
1525,6
1526,4
1527,8
1528,0
1529,6
1530,6
1531,5
1532,4
1533,9
1534,9
1535,1
1536,1
1537,9
1538,8
1539,8
1540,1
1541,8
1542,3
1543,4
1544,7
1545,9
1546,7
1547,7
1548,5
1549,3
1550,5
1551,6
1552,6
1553,3
1554,6
1555,9
1556,8
1557,0
1558,7
1559,4
1560,2
1561,6
1562,5
1563,4
1564,2
1565,5
1566,2
1567,7
1568,8
1569,6
1570,2
1571,5
1572,5
1573,1
1574,8
1575,1
1576,8
1577,4
1578,1
1579,7
1580,5
1581,7
1582,4
1583,6
1584,7
1585,2
1586,8
1587,9
1588,0
1589,9
1590,7
1591,7
1592,7
1593,7
1594,2
1595,7
1596,9
1597,3
1598,8
1599,0
1600,0
1601,0
1602,8
1603,1
1604,6
1605,4
1606,7
1607,0
1608,6
1609,0
1610,0
1611,1
1612,6
1613,1
1614,4
1615,5
1616,2
1617,4
1618,9
1619,1
1620,9
1621,2
1622,1
1623,7
1624,3
1625,2
1626,1
1627,7
1628,2
1629,1
1630,4
1631,7
1632,7
1633,2
1634,3
1635,5
1636,0
1637,1
1638,4
1639,1
1640,4
1641,4
1642,1
1643,9
1644,7
1645,3
1646,5
1647,6
1648,8
1649,5
1650,4
1651,8
1652,1
1653,6
1654,1
1655,3
1656,6
1657,1
1658,1
1659,5
1660,7
1661,3
1662,5
1663,2
1664,5
1665,5
1666,2
1667,1
1668,3
1669,3
1670,4
1671,7
1672,5
1673,7
1674,4
1675,1
1676,8
1677,4
1678,9
1679,4
1680,6
1681,8
1682,4
1683,3
1684,8
1685,5
1686,2
1687,3
1688,3
1689,2
1690,3
1691,9
1692,0
1693,7
1694,3
1695,9
1696,4
1697,1
1698,4
1699,3
1700,3
1701,3
1702,4
1703,5
1704,4
1705,7
1706,7
1707,6
1708,2
1709,4
1710,1
1711,6
1712,8
1713,6
1714,2
1715,5
1716,1
1717,8
1718,9
1719,8
1720,3
1721,5
1722,6
1723,9
1724,4
1725,8
1726,5
1727,5
1728,6
1729,2
1730,0
1731,9
1732,9
1733,2
1734,1
1735,9
1736,2
1737,2
1738,2
1739,1
1740,8
1741,4
1742,2
1743,7
1744,2
1745,5
1746,5
1747,0
1748,2
1749,5
1750,4
1751,2
1752,5
1753,6
1754,8
1755,8
1756,7
1757,6
1758,7
1759,1
1760,7
1761,9
1762,0
1763,4
1764,9
1765,4
1766,6
1767,0
1768,1
1769,6
1770,5
1771,3
1772,4
1773,6
1774,6
1775,8
1776,0
1777,4
1778,9
1779,8
1780,8
1781,6
1782,2
1783,7
1784,2
1785,3
1786,2
1787,7
1788,9
1789,1
1790,7
1791,8
1792,6
1793,0
1794,8
1795,5
1796,7
1797,8
1798,4
1799,3
1800,8
1801,3
1802,8
1803,2
1804,7
1805,9
1806,6
1807,7
1808,9
1809,7
1810,6
1811,6
1812,8
1813,1
1814,4
1815,5
1816,4
1817,1
1818,0
1819,0
1820,9
1821,5
1822,3
1823,8
1824,8
1825,3
1826,7
1827,8
1828,6
1829,3
1830,6
1831,0
1832,9
1833,5
1834,0
1835,6
1836,8
1837,0
1838,0
1839,6
1840,4
1841,2
1842,2
1843,5
1844,1
1845,2
1846,5
1847,2
1848,0
1849,5
1850,1
1851,1
1852,7
1853,3
1854,9
1855,2
1856,9
1857,8
1858,4
1859,8
1860,9
1861,6
1862,0
1863,8
1864,4
1865,1
1866,2
1867,8
1868,4
1869,8
1870,8
1871,6
1872,2
1873,6
1874,9
1875,4
1876,5
1877,6
1878,0
1879,4
1880,2
1881,4
1882,1
1883,9
1884,6
1885,5
1886,2
1887,8
1888,5
1889,0
1890,2
1891,2
1892,2
1893,1
1894,0
1895,6
1896,6
1897,1
1898,1
1899,8
1900,6
1901,3
1902,0
1903,6
1904,7
1905,4
1906,4
1907,2
1908,7
1909,8
1910,6
1911,2
1912,2
1913,0
1914,3
1915,9
1916,1
1917,9
1918,4
1919,9
1920,4
1921,5
1922,0
1923,4
1924,7
1925,1
1926,2
1927,3
1928,7
1929,1
1930,3
1931,7
1932,8
1933,6
1934,9
1935,6
1936,0
1937,9
1938,5
1939,6
1940,3
1941,6
1942,4
1943,3
1944,7
1945,1
1946,9
1947,1
1948,7
1949,2
1950,8
1951,7
1952,4
1953,6
1954,7
1955,7
1956,6
1957,4
1958,6
1959,5
1960,7
1961,5
1962,7
1963,3
1964,9
1965,6
1966,2
1967,4
1968,1
1969,3
1970,8
1971,9
1972,0
1973,8
1974,6
1975,5
1976,8
1977,3
1978,2
1979,6
1980,4
1981,5
1982,9
1983,9
1984,5
1985,8
1986,1
1987,3
1988,3
1989,9
1990,0
1991,4
1992,7
1993,8
1994,0
1995,2
1996,7
1997,5
1998,9
1999,0
2000,0
2001,9
2002,9
2003,4
2004,6
2005,5
2006,7
2007,6
2008,4
2009,0
2010,7
2011,8
2012,9
2013,5
2014,1
2015,2
2016,6
2017,9
2018,4
2019,6
2020,8
2021,3
2022,9
2023,8
2024,3
2025,5
2026,2
2027,5
2028,9
2029,5
2030,7
2031,0
2032,9
2033,8
2034,2
2035,5
2036,8
2037,2
2038,2
2039,6
2040,2
2041,0
2042,5
2043,2
2044,2
2045,4
2046,8
2047,9
2048,4
2049,0
2050,7
2051,7
2052,2
2053,6
2054,7
2055,1
2056,9
2057,4
2058,7
2059,8
2060,2
2061,6
2062,8
2063,4
2064,8
2065,2
2066,6
2067,0
2068,1
2069,4
2070,7
2071,6
2072,9
2073,9
2074,0
2075,9
2076,0
2077,2
2078,6
2079,4
2080,0
2081,1
2082,3
2083,6
2084,3
2085,9
2086,4
2087,4
2088,3
2089,7
2090,4
2091,5
2092,5
2093,3
2094,0
2095,5
2096,0
2097,6
2098,8
2099,2
2100,0
2101,3
2102,4
2103,9
2104,6
2105,2
2106,5
2107,2
2108,4
2109,5
2110,1
2111,7
2112,4
2113,9
2114,3
2115,9
2116,9
2117,6
2118,5
2119,1
2120,4
2121,3
2122,1
2123,4
2124,2
2125,9
2126,8
2127,0
2128,9
2129,1
2130,9
2131,0
2132,6
2133,5
2134,9
2135,2
2136,5
2137,0
2138,9
2139,3
2140,7
2141,2
2142,2
2143,1
2144,6
2145,9
2146,6
2147,4
2148,6
2149,1
2150,5
2151,1
2152,5
2153,7
2154,0
2155,9
2156,8
2157,5
2158,8
2159,3
2160,8
2161,7
2162,4
2163,1
2164,0
2165,5
2166,9
2167,7
2168,8
2169,8
2170,5
2171,9
2172,5
2173,9
2174,7
2175,7
2176,2
2177,9
2178,7
2179,5
2180,4
2181,9
2182,8
2183,9
2184,3
2185,0
2186,1
2187,6
2188,1
2189,7
2190,5
2191,3
2192,9
2193,2
2194,8
2195,4
2196,6
2197,8
2198,1
2199,3
2200,8
2201,2
2202,6
2203,8
2204,6
2205,8
2206,3
2207,8
2208,6
2209,8
2210,9
2211,4
2212,2
2213,7
2214,7
2215,4
2216,1
2217,5
2218,5
2219,9
2220,9
2221,1
2222,8
2223,5
2224,5
2225,9
2226,2
2227,5
2228,2
2229,4
2230,5
2231,9
2232,5
2233,3
2234,9
2235,5
2236,9
2237,4
2238,3
2239,1
2240,0
2241,4
2242,9
2243,9
2244,7
2245,2
2246,5
2247,2
2248,4
2249,6
2250,8
2251,0
2252,8
2253,4
2254,5
2255,9
2256,8
2257,7
2258,2
2259,7
2260,3
2261,6
2262,4
2263,4
2264,6
2265,9
2266,5
2267,8
2268,4
2269,8
2270,6
2271,5
2272,3
2273,8
2274,3
2275,6
2276,7
2277,3
2278,6
2279,2
2280,2
2281,2
2282,6
2283,2
2284,6
2285,0
2286,9
2287,9
2288,1
2289,2
2290,4
2291,6
2292,0
2293,8
2294,0
2295,5
2296,1
2297,2
2298,4
2299,3
2300,8
2301,8
2302,4
2303,3
2304,9
2305,0
2306,4
2307,5
2308,1
2309,2
2310,4
2311,4
2312,1
2313,3
2314,6
2315,5
2316,4
2317,9
2318,7
2319,6
2320,2
2321,7
2322,8
2323,0
2324,7
2325,9
2326,7
2327,7
2328,1
2329,5
2330,6
2331,9
2332,1
2333,4
2334,3
2335,5
2336,9
2337,9
2338,7
2339,7
2340,0
2341,0
2342,1
2343,2
2344,9
2345,6
2346,1
2347,6
2348,0
2349,8
2350,9
2351,4
2352,4
2353,1
2354,6
2355,9
2356,4
2357,8
2358,6
2359,8
2360,5
2361,5
2362,5
2363,8
2364,4
2365,8
2366,4
2367,0
2368,6
2369,3
2370,5
2371,3
2372,4
2373,2
2374,2
2375,0
2376,7
2377,2
2378,2
2379,2
2380,5
2381,8
2382,2
2383,8
2384,4
2385,8
2386,8
2387,6
2388,4
2389,8
2390,1
2391,5
2392,8
2393,4
2394,5
2395,6
2396,0
2397,2
2398,8
2399,5
2400,0
2401,6
2402,0
2403,1
2404,6
2405,8
2406,4
2407,2
2408,7
2409,3
2410,9
2411,4
2412,5
2413,2
2414,2
2415,6
2416,7
2417,4
2418,6
2419,7
2420,6
2421,7
2422,8
2423,8
2424,9
2425,5
2426,2
2427,5
2428,2
2429,1
2430,3
2431,8
2432,5
2433,2
2434,2
2435,5
2436,4
2437,9
2438,9
2439,5
2440,4
2441,6
2442,6
2443,6
2444,7
2445,2
2446,7
2447,8
2448,2
2449,3
2450,9
2451,8
2452,6
2453,4
2454,5
2455,6
2456,5
2457,9
2458,6
2459,1
2460,1
2461,6
2462,3
2463,5
2464,4
2465,8
2466,8
2467,6
2468,2
2469,3
2470,0
2471,5
2472,7
2473,7
2474,4
2475,5
2476,6
2477,4
2478,9
2479,8
2480,0
2481,3
2482,5
2483,5
2484,9
2485,3
2486,6
2487,3
2488,4
2489,5
2490,6
2491,8
2492,1
2493,7
2494,4
2495,3
2496,2
2497,4
2498,1
2499,1
2500,2
2501,5
2502,1
2503,5
2504,0
2505,7
2506,6
2507,0
2508,6
2509,9
2510,4
2511,7
2512,9
2513,4
2514,5
2515,1
2516,0
2517,9
2518,6
2519,5
2520,9
2521,6
2522,0
2523,9
2524,4
2525,0
2526,2
2527,5
2528,2
2529,2
2530,8
2531,8
2532,7
2533,9
2534,7
2535,1
2536,0
2537,8
2538,9
2539,3
2540,1
2541,4
2542,5
2543,6
2544,6
2545,9
2546,1
2547,3
2548,6
2549,8
2550,6
2551,7
2552,2
2553,2
2554,8
2555,7
2556,4
2557,8
2558,9
2559,4
2560,0
2561,5
2562,6
2563,0
2564,1
2565,0
2566,1
2567,5
2568,0
2569,3
2570,3
2571,0
2572,8
2573,6
2574,1
2575,7
2576,9
2577,2
2578,8
2579,6
2580,8
2581,0
2582,9
2583,2
2584,0
2585,8
2586,7
2587,4
2588,7
2589,6
2590,0
2591,9
2592,1
2593,7
2594,8
2595,2
2596,4
2597,9
2598,3
2599,8
2600,5
2601,8
2602,9
2603,0
2604,0
2605,9
2606,7
2607,1
2608,4
2609,9
2610,0
2611,9
2612,6
2613,7
2614,5
2615,9
2616,8
2617,5
2618,2
2619,6
2620,1
2621,3
2622,6
2623,5
2624,5
2625,4
2626,9
2627,7
2628,8
2629,1
2630,8
2631,9
2632,3
2633,1
2634,2
2635,9
2636,7
2637,8
2638,4
2639,8
2640,2
2641,1
2642,6
2643,8
2644,2
2645,9
2646,9
2647,8
2648,9
2649,4
2650,8
2651,7
2652,2
2653,2
2654,6
2655,5
2656,8
2657,8
2658,0
2659,4
2660,8
2661,5
2662,7
2663,5
2664,6
2665,4
2666,0
2667,1
2668,4
2669,2
2670,7
2671,0
2672,4
2673,7
2674,7
2675,5
2676,5
2677,5
2678,1
2679,3
2680,2
2681,3
2682,7
2683,9
2684,6
2685,4
2686,1
2687,4
2688,5
2689,1
2690,5
2691,2
2692,3
2693,7
2694,4
2695,6
2696,2
2697,3
2698,4
2699,3
2700,6
2701,4
2702,5
2703,4
2704,2
2705,8
2706,5
2707,8
2708,4
2709,4
2710,4
2711,7
2712,9
2713,5
2714,2
2715,6
2716,5
2717,8
2718,6
2719,7
2720,8
2721,2
2722,1
2723,0
2724,5
2725,1
2726,1
2727,4
2728,1
2729,3
2730,5
2731,4
2732,7
2733,3
2734,5
2735,7
2736,3
2737,9
2738,5
2739,2
2740,3
2741,1
2742,1
2743,3
2744,4
2745,2
2746,7
2747,1
2748,6
2749,6
2750,1
2751,0
2752,2
2753,1
2754,3
2755,5
2756,9
2757,6
2758,9
2759,5
2760,3
2761,6
2762,2
2763,3
2764,1
2765,4
2766,4
2767,2
2768,9
2769,5
2770,2
2771,4
2772,8
2773,4
2774,9
2775,3
2776,7
2777,1
2778,8
2779,7
2780,1
2781,1
2782,0
2783,1
2784,4
2785,5
2786,7
2787,6
2788,5
2789,4
2790,0
2791,3
2792,5
2793,9
2794,0
2795,2
2796,7
2797,9
2798,9
2799,3
2800,4
2801,4
2802,0
2803,3
2804,7
2805,4
2806,2
2807,0
2808,0
2809,7
2810,3
2811,1
2812,0
2813,5
2814,7
2815,8
2816,5
2817,3
2818,9
2819,0
2820,6
2821,2
2822,1
2823,9
2824,8
2825,3
2826,8
2827,7
2828,4
2829,4
2830,7
2831,8
2832,0
2833,8
2834,4
2835,7
2836,8
2837,4
2838,8
2839,9
2840,6
2841,8
2842,3
2843,3
2844,2
2845,1
2846,4
2847,4
2848,5
2849,7
2850,1
2851,3
2852,8
2853,6
2854,8
2855,7
2856,5
2857,1
2858,9
2859,4
2860,3
2861,5
2862,0
2863,6
2864,4
2865,3
2866,0
2867,2
2868,1
2869,8
2870,4
2871,5
2872,3
2873,1
2874,9
2875,1
2876,0
2877,4
2878,8
2879,4
2880,8
2881,1
2882,0
2883,0
2884,5
2885,3
2886,7
2887,0
2888,6
2889,1
2890,4
2891,6
2892,8
2893,0
2894,6
2895,7
2896,4
2897,9
2898,1
2899,9
2900,2
2901,7
2902,8
2903,1
2904,9
2905,1
2906,1
2907,9
2908,7
2909,9
2910,3
2911,9
2912,9
2913,5
2914,2
2915,0
2916,6
2917,1
2918,4
2919,1
2920,9
2921,6
2922,6
2923,3
2924,4
2925,2
2926,8
2927,7
2928,5
2929,4
2930,4
2931,4
2932,0
2933,6
2934,4
2935,3
2936,7
2937,4
2938,5
2939,1
2940,2
2941,3
2942,7
2943,1
2944,8
2945,1
2946,9
2947,2
2948,1
2949,7
2950,9
2951,9
2952,9
2953,8
2954,3
2955,9
2956,1
2957,0
2958,1
2959,5
2960,9
2961,1
2962,9
2963,5
2964,6
2965,1
2966,8
2967,1
2968,4
2969,6
2970,7
2971,5
2972,1
2973,4
2974,2
2975,6
2976,9
2977,1
2978,2
2979,3
2980,9
2981,7
2982,4
2983,8
2984,9
2985,4
2986,0
2987,9
2988,0
2989,7
2990,1
2991,8
2992,6
2993,4
2994,9
2995,4
2996,2
2997,3
2998,1
2999,9
3000,6
3001,1
3002,5
3003,6
3004,7
3005,9
3006,4
3007,5
3008,2
3009,0
3010,8
3011,0
3012,9
3013,5
3014,1
3015,4
3016,6
3017,5
3018,5
3019,0
3020,2
3021,2
3022,5
3023,2
3024,3
3025,1
3026,6
3027,0
3028,3
3029,8
3030,8
3031,1
3032,9
3033,3
3034,0
3035,1
3036,4
3037,2
3038,0
3039,9
3040,3
3041,7
3042,6
3043,2
3044,1
3045,3
3046,7
3047,8
3048,5
3049,5
3050,9
3051,5
3052,6
3053,6
3054,3
3055,8
3056,9
3057,3
3058,7
3059,7
3060,8
3061,7
3062,0
3063,8
3064,3
3065,0
3066,3
3067,9
3068,0
3069,6
3070,9
3071,7
3072,9
3073,2
3074,0
3075,7
3076,7
3077,3
3078,4
3079,6
3080,7
3081,2
3082,2
3083,1
3084,8
3085,2
3086,5
3087,6
3088,2
3089,5
3090,9
3091,9
3092,6
3093,6
3094,1
3095,5
3096,0
3097,1
3098,4
3099,2
3100,1
3101,5
3102,0
3103,3
3104,0
3105,6
3106,8
3107,0
3108,3
3109,8
3110,4
3111,4
3112,7
3113,7
3114,3
3115,4
3116,5
3117,4
3118,9
3119,2
3120,0
3121,2
3122,6
3123,0
3124,5
3125,4
3126,1
3127,4
3128,6
3129,6
3130,5
3131,9
3132,2
3133,5
3134,2
3135,0
3136,1
3137,4
3138,9
3139,7
3140,4
3141,4
3142,2
3143,8
3144,5
3145,0
3146,7
3147,3
3148,2
3149,5
3150,1
3151,8
3152,6
3153,6
3154,6
3155,0
3156,0
3157,2
3158,1
3159,3
3160,2
3161,4
3162,3
3163,4
3164,0
3165,8
3166,8
3167,1
3168,9
3169,0
3170,7
3171,1
3172,0
3173,4
3174,8
3175,6
3176,3
3177,3
3178,1
3179,7
3180,3
3181,4
3182,6
3183,4
3184,9
3185,6
3186,5
3187,1
3188,4
3189,5
3190,3
3191,9
3192,0
3193,5
3194,7
3195,9
3196,6
3197,2
3198,6
3199,8
3200,5
3201,6
3202,1
3203,0
3204,0
3205,5
3206,5
3207,0
3208,8
3209,1
3210,0
3211,6
3212,6
3213,5
3214,8
3215,7
3216,9
3217,6
3218,9
3219,9
3220,8
3221,1
3222,6
3223,3
3224,5
3225,7
3226,4
3227,7
3228,3
3229,6
3230,3
3231,8
3232,4
3233,0
3234,5
3235,2
3236,5
3237,7
3238,1
3239,4
3240,5
3241,9
3242,1
3243,0
3244,2
3245,8
3246,9
3247,7
3248,0
3249,6
3250,4
3251,1
3252,4
3253,0
3254,1
3255,1
3256,0
3257,9
3258,7
3259,1
3260,2
3261,0
3262,6
3263,2
3264,8
3265,0
3266,4
3267,3
3268,9
3269,0
3270,3
3271,9
3272,7
3273,5
3274,9
3275,5
3276,1
3277,5
3278,6
3279,7
3280,7
3281,1
3282,5
3283,7
3284,7
3285,0
3286,0
3287,4
3288,2
3289,0
3290,3
3291,3
3292,7
3293,8
3294,6
3295,9
3296,9
3297,3
3298,6
3299,0
3300,0
3301,7
3302,2
3303,3
3304,0
3305,5
3306,5
3307,8
3308,7
3309,6
3310,3
3311,1
3312,7
3313,6
3314,3
3315,5
3316,9
3317,4
3318,2
3319,1
3320,8
3321,7
3322,3
3323,1
3324,2
3325,5
3326,1
3327,4
3328,7
3329,1
3330,2
3331,0
3332,5
3333,3
3334,2
3335,9
3336,2
3337,8
3338,1
3339,9
3340,1
3341,8
3342,2
3343,6
3344,1
3345,8
3346,6
3347,1
3348,2
3349,5
3350,8
3351,6
3352,7
3353,3
3354,2
3355,1
3356,5
3357,7
3358,9
3359,1
3360,9
3361,8
3362,4
3363,1
3364,4
3365,8
3366,4
3367,8
3368,8
3369,2
3370,9
3371,1
3372,6
3373,4
3374,4
3375,7
3376,0
3377,6
3378,0
3379,9
3380,5
3381,7
3382,5
3383,2
3384,7
3385,0
3386,6
3387,9
3388,5
3389,7
3390,2
3391,2
3392,0
3393,9
3394,1
3395,7
3396,5
3397,6
3398,7
3399,1
3400,1
3401,6
3402,7
3403,2
3404,2
3405,9
3406,1
3407,0
3408,9
3409,8
3410,1
3411,6
3412,9
3413,0
3414,9
3415,1
3416,5
3417,2
3418,8
3419,0
3420,1
3421,7
3422,3
3423,5
3424,0
3425,6
3426,7
3427,1
3428,2
3429,7
3430,4
3431,8
3432,5
3433,8
3434,3
3435,2
3436,2
3437,2
3438,8
3439,7
3440,1
3441,8
3442,3
3443,5
3444,2
3445,0
3446,9
3447,3
3448,5
3449,3
3450,9
3451,6
3452,5
3453,7
3454,2
3455,5
3456,1
3457,2
3458,1
3459,0
3460,8
3461,3
3462,5
3463,7
3464,9
3465,1
3466,5
3467,1
3468,3
3469,6
3470,9
3471,8
3472,8
3473,2
3474,0
3475,9
3476,1
3477,4
3478,4
3479,4
3480,2
3481,1
3482,0
3483,0
3484,6
3485,7
3486,5
3487,1
3488,0
3489,3
3490,3
3491,4
3492,6
3493,7
3494,1
3495,1
3496,0
3497,3
3498,1
3499,4
3500,1
3501,2
3502,6
3503,7
3504,1
3505,1
3506,1
3507,3
3508,6
3509,9
3510,9
3511,0
3512,8
3513,6
3514,5
3515,8
3516,5
3517,1
3518,6
3519,3
3520,9
3521,8
3522,3
3523,1
3524,5
3525,0
3526,1
3527,9
3528,7
3529,0
3530,1
3531,6
3532,5
3533,1
3534,5
3535,1
3536,1
3537,6
3538,8
3539,5
3540,1
3541,7
3542,1
3543,4
3544,3
3545,7
3546,6
3547,5
3548,7
3549,6
3550,1
3551,8
3552,3
3553,5
3554,1
3555,5
3556,5
3557,6
3558,5
3559,0
3560,8
3561,8
3562,4
3563,9
3564,0
3565,9
3566,9
3567,8
3568,9
3569,8
3570,5
3571,9
3572,9
3573,8
3574,2
3575,3
3576,8
3577,7
3578,3
3579,4
3580,5
3581,5
3582,2
3583,8
3584,3
3585,3
3586,1
3587,6
3588,3
3589,5
3590,5
3591,0
3592,7
3593,6
3594,4
3595,7
3596,9
3597,1
3598,8
3599,5
3600,3
3601,5
3602,8
3603,9
3604,3
3605,2
3606,2
3607,6
3608,1
3609,8
3610,5
3611,4
3612,8
3613,9
3614,6
3615,3
3616,2
3617,1
3618,3
3619,2
3620,9
3621,3
3622,3
3623,0
3624,8
3625,9
3626,8
3627,5
3628,7
3629,0
3630,6
3631,4
3632,2
3633,0
3634,4
3635,6
3636,7
3637,5
3638,2
3639,5
3640,9
3641,0
3642,7
3643,0
3644,9
3645,1
3646,5
3647,4
3648,8
3649,1
3650,4
3651,1
3652,6
3653,5
3654,4
3655,9
3656,8
3657,5
3658,9
3659,4
3660,6
3661,1
3662,6
3663,3
3664,7
3665,1
3666,8
3667,0
3668,2
3669,7
3670,0
3671,9
3672,8
3673,1
3674,9
3675,9
3676,4
3677,3
3678,0
3679,9
3680,9
3681,2
3682,4
3683,4
3684,8
3685,8
3686,9
3687,5
3688,7
3689,5
3690,7
3691,1
3692,2
3693,8
3694,2
3695,8
3696,9
3697,0
3698,5
3699,9
3700,2
3701,3
3702,2
3703,3
3704,3
3705,2
3706,6
3707,0
3708,9
3709,7
3710,2
3711,9
3712,9
3713,7
3714,1
3715,2
3716,0
3717,8
3718,4
3719,4
3720,3
3721,3
3722,5
3723,7
3724,3
3725,2
3726,6
3727,5
3728,4
3729,8
3730,9
3731,3
3732,8
3733,2
3734,3
3735,9
3736,1
3737,1
3738,9
3739,3
3740,2
3741,5
3742,9
3743,7
3744,4
3745,6
3746,3
3747,6
3748,6
3749,7
3750,3
3751,0
3752,5
3753,8
3754,3
3755,6
3756,0
3757,4
3758,1
3759,4
3760,2
3761,8
3762,1
3763,3
3764,8
3765,8
3766,3
3767,0
3768,3
3769,2
3770,0
3771,3
3772,8
3773,2
3774,4
3775,9
3776,0
3777,3
3778,7
3779,5
3780,8
3781,9
3782,8
3783,5
3784,2
3785,4
3786,3
3787,7
3788,4
3789,4
3790,1
3791,7
3792,0
3793,2
3794,9
3795,1
3796,3
3797,2
3798,7
3799,6
3800,5
3801,6
3802,1
3803,8
3804,0
3805,9
3806,3
3807,7
3808,7
3809,3
3810,4
3811,4
3812,4
3813,0
3814,3
3815,0
3816,7
3817,0
3818,7
3819,4
3820,6
3821,9
3822,2
3823,1
3824,1
3825,2
3826,0
3827,1
3828,9
3829,1
3830,3
3831,0
3832,2
3833,0
3834,3
3835,3
3836,0
3837,3
3838,8
3839,0
3840,1
3841,9
3842,7
3843,6
3844,2
3845,1
3846,1
3847,0
3848,1
3849,1
3850,0
3851,0
3852,4
3853,4
3854,9
3855,2
3856,9
3857,3
3858,2
3859,1
3860,5
3861,1
3862,6
3863,0
3864,8
3865,4
3866,2
3867,4
3868,4
3869,4
3870,8
3871,5
3872,9
3873,6
3874,3
3875,7
3876,6
3877,6
3878,9
3879,8
3880,3
3881,8
3882,9
3883,5
3884,2
3885,2
3886,8
3887,6
3888,8
3889,4
3890,7
3891,8
3892,3
3893,1
3894,2
3895,3
3896,5
3897,5
3898,2
3899,6
3900,5
3901,8
3902,2
3903,1
3904,3
3905,1
3906,4
3907,4
3908,9
3909,5
3910,7
3911,6
3912,8
3913,5
3914,7
3915,2
3916,6
3917,2
3918,4
3919,3
3920,3
3921,4
3922,4
3923,1
3924,8
3925,9
3926,3
3927,0
3928,3
3929,9
3930,6
3931,8
3932,6
3933,4
3934,2
3935,6
3936,2
3937,4
3938,3
3939,4
3940,1
3941,0
3942,7
3943,7
3944,3
3945,2
3946,2
3947,6
3948,9
3949,7
3950,8
3951,0
3952,2
3953,8
3954,0
3955,7
3956,3
3957,1
3958,8
3959,9
3960,1
3961,5
3962,4
3963,4
3964,1
3965,1
3966,0
3967,1
3968,0
3969,4
3970,4
3971,6
3972,8
3973,2
3974,3
3975,2
3976,5
3977,2
3978,7
3979,1
3980,6
3981,2
3982,0
3983,1
3984,0
3985,5
3986,2
3987,6
3988,5
3989,2
3990,2
3991,7
3992,2
3993,1
3994,1
3995,1
3996,6
3997,6
3998,0
3999,3
4000,9
4001,6
4002,6
4003,6
4004,5
4005,5
4006,7
4007,3
4008,0
4009,9
4010,2
4011,5
4012,4
4013,7
4014,1
4015,1
4016,0
4017,5
4018,5
4019,7
4020,8
4021,5
4022,3
4023,7
4024,6
4025,3
4026,4
4027,6
4028,6
4029,8
4030,2
4031,0
4032,6
4033,5
4034,3
4035,1
4036,0
4037,9
4038,8
4039,9
4040,6
4041,5
4042,2
4043,6
4044,9
4045,1
4046,8
4047,6
4048,2
4049,0
4050,5
4051,6
4052,4
4053,7
4054,6
4055,9
4056,3
4057,1
4058,2
4059,5
4060,7
4061,0
4062,5
4063,8
4064,6
4065,3
4066,5
4067,6
4068,6
4069,2
4070,0
4071,1
4072,8
4073,5
4074,5
4075,8
4076,1
4077,0
4078,0
4079,7
4080,2
4081,9
4082,3
4083,6
4084,0
4085,6
4086,5
4087,9
4088,8
4089,7
4090,6
4091,4
4092,8
4093,6
4094,1
4095,1
4096,7
4097,9
4098,1
4099,0
4100,4
4101,5
4102,3
4103,3
4104,4
4105,8
4106,8
4107,5
4108,0
4109,3
4110,4
4111,6
4112,1
4113,1
4114,3
4115,6
4116,5
4117,7
4118,6
4119,8
4120,6
4121,7
4122,5
4123,3
4124,2
4125,4
4126,9
4127,4
4128,4
4129,1
4130,6
4131,6
4132,8
4133,0
4134,3
4135,9
4136,6
4137,2
4138,6
4139,5
4140,7
4141,9
4142,7
4143,8
4144,7
4145,7
4146,1
4147,8
4148,5
4149,5
4150,6
4151,0
4152,8
4153,4
4154,5
4155,5
4156,2
4157,9
4158,6
4159,5
4160,4
4161,1
4162,2
4163,6
4164,6
4165,5
4166,4
4167,0
4168,8
4169,5
4170,3
4171,0
4172,6
4173,1
4174,4
4175,3
4176,4
4177,4
4178,4
4179,3
4180,1
4181,8
4182,5
4183,8
4184,6
4185,7
4186,6
4187,9
4188,7
4189,5
4190,1
4191,4
4192,5
4193,6
4194,6
4195,1
4196,4
4197,0
4198,6
4199,8
4200,0
4201,0
4202,7
4203,0
4204,0
4205,2
4206,3
4207,7
4208,8
4209,7
4210,7
4211,6
4212,5
4213,9
4214,1
4215,3
4216,4
4217,4
4218,0
4219,1
4220,7
4221,1
4222,2
4223,7
4224,4
4225,9
4226,4
4227,7
4228,0
4229,4
4230,2
4231,0
4232,5
4233,6
4234,2
4235,2
4236,3
4237,0
4238,5
4239,3
4240,8
4241,9
4242,9
4243,4
4244,5
4245,6
4246,1
4247,3
4248,1
4249,4
4250,0
4251,7
4252,1
4253,1
4254,2
4255,7
4256,0
4257,0
4258,0
4259,4
4260,0
4261,7
4262,8
4263,5
4264,4
4265,7
4266,3
4267,3
4268,2
4269,6
4270,9
4271,9
4272,3
4273,9
4274,0
4275,8
4276,1
4277,4
4278,5
4279,4
4280,6
4281,6
4282,4
4283,6
4284,4
4285,5
4286,8
4287,8
4288,0
4289,7
4290,9
4291,7
4292,2
4293,7
4294,0
4295,8
4296,2
4297,6
4298,6
4299,8
4300,3
4301,0
4302,6
4303,3
4304,4
4305,3
4306,2
4307,8
4308,5
4309,8
4310,7
4311,8
4312,5
4313,6
4314,9
4315,8
4316,3
4317,0
4318,5
4319,2
4320,3
4321,5
4322,8
4323,0
4324,8
4325,9
4326,3
4327,3
4328,0
4329,6
4330,5
4331,7
4332,5
4333,7
4334,4
4335,0
4336,6
4337,7
4338,9
4339,5
4340,4
4341,5
4342,7
4343,1
4344,6
4345,3
4346,7
4347,7
4348,5
4349,2
4350,5
4351,4
4352,2
4353,0
4354,2
4355,1
4356,1
4357,4
4358,9
4359,5
4360,5
4361,7
4362,6
4363,1
4364,5
4365,8
4366,1
4367,4
4368,0
4369,0
4370,2
4371,5
4372,0
4373,1
4374,2
4375,6
4376,2
4377,2
4378,8
4379,5
4380,9
4381,4
4382,1
4383,3
4384,0
4385,2
4386,1
4387,6
4388,4
4389,7
4390,1
4391,5
4392,5
4393,0
4394,9
4395,7
4396,9
4397,2
4398,5
4399,9
4400,2
4401,3
4402,0
4403,9
4404,9
4405,0
4406,7
4407,9
4408,6
4409,5
4410,4
4411,7
4412,3
4413,7
4414,6
4415,1
4416,2
4417,5
4418,5
4419,1
4420,7
4421,6
4422,5
4423,6
4424,7
4425,5
4426,1
4427,3
4428,5
4429,7
4430,5
4431,1
4432,7
4433,8
4434,2
4435,9
4436,6
4437,6
4438,6
4439,4
4440,5
4441,4
4442,7
4443,7
4444,9
4445,1
4446,7
4447,4
4448,5
4449,0
4450,1
4451,1
4452,2
4453,9
4454,9
4455,6
4456,1
4457,4
4458,8
4459,9
4460,0
4461,3
4462,0
4463,4
4464,6
4465,3
4466,9
4467,9
4468,4
4469,7
4470,1
4471,3
4472,2
4473,9
4474,6
4475,2
4476,1
4477,0
4478,7
4479,3
4480,4
4481,0
4482,4
4483,3
4484,7
4485,5
4486,1
4487,8
4488,9
4489,5
4490,7
4491,3
4492,5
4493,9
4494,6
4495,1
4496,4
4497,5
4498,8
4499,9
4500,0
4501,1
4502,9
4503,3
4504,8
4505,9
4506,7
4507,1
4508,3
4509,1
4510,1
4511,1
4512,7
4513,9
4514,0
4515,4
4516,2
4517,9
4518,7
4519,8
4520,2
4521,8
4522,5
4523,6
4524,4
4525,7
4526,5
4527,0
4528,3
4529,2
4530,0
4531,3
4532,1
4533,9
4534,8
4535,6
4536,9
4537,1
4538,5
4539,1
4540,4
4541,0
4542,2
4543,8
4544,7
4545,0
4546,8
4547,0
4548,8
4549,5
4550,9
4551,9
4552,0
4553,4
4554,8
4555,0
4556,1
4557,0
4558,9
4559,4
4560,1
4561,2
4562,1
4563,4
4564,7
4565,2
4566,2
4567,1
4568,3
4569,1
4570,7
4571,9
4572,4
4573,7
4574,6
4575,4
4576,7
4577,7
4578,7
4579,2
4580,6
4581,2
4582,2
4583,4
4584,1
4585,4
4586,2
4587,5
4588,4
4589,8
4590,5
4591,4
4592,5
4593,4
4594,0
4595,3
4596,3
4597,2
4598,1
4599,5
4600,7
4601,1
4602,8
4603,5
4604,3
4605,0
4606,6
4607,1
4608,4
4609,2
4610,2
4611,8
4612,8
4613,1
4614,3
4615,7
4616,5
4617,8
4618,5
4619,0
4620,4
4621,3
4622,0
4623,6
4624,3
4625,3
4626,2
4627,1
4628,7
4629,5
4630,1
4631,8
4632,2
4633,9
4634,7
4635,9
4636,8
4637,6
4638,6
4639,2
4640,2
4641,3
4642,7
4643,1
4644,7
4645,2
4646,1
4647,5
4648,9
4649,1
4650,6
4651,0
4652,7
4653,7
4654,1
4655,6
4656,6
4657,9
4658,2
4659,5
4660,4
4661,7
4662,4
4663,8
4664,7
4665,3
4666,8
4667,9
4668,8
4669,6
4670,6
4671,5
4672,4
4673,9
4674,4
4675,9
4676,4
4677,5
4678,0
4679,1
4680,1
4681,4
4682,6
4683,5
4684,4
4685,0
4686,6
4687,2
4688,8
4689,4
4690,3
4691,3
4692,6
4693,6
4694,3
4695,9
4696,3
4697,7
4698,9
4699,0
4700,0
4701,3
4702,9
4703,7
4704,6
4705,9
4706,2
4707,6
4708,5
4709,6
4710,7
4711,2
4712,1
4713,4
4714,6
4715,3
4716,8
4717,5
4718,3
4719,0
4720,6
4721,7
4722,3
4723,6
4724,0
4725,9
4726,6
4727,5
4728,7
4729,1
4730,2
4731,0
4732,9
4733,1
4734,8
4735,0
4736,7
4737,6
4738,3
4739,8
4740,3
4741,2
4742,7
4743,1
4744,6
4745,6
4746,4
4747,1
4748,6
4749,2
4750,7
4751,4
4752,8
4753,8
4754,8
4755,8
4756,0
4757,0
4758,7
4759,8
4760,6
4761,9
4762,2
4763,5
4764,6
4765,0
4766,2
4767,9
4768,0
4769,2
4770,2
4771,8
4772,4
4773,7
4774,2
4775,1
4776,0
4777,4
4778,0
4779,3
4780,1
4781,7
4782,2
4783,1
4784,1
4785,8
4786,6
4787,0
4788,8
4789,2
4790,0
4791,4
4792,1
4793,9
4794,0
4795,0
4796,0
4797,4
4798,2
4799,2
4800,9
4801,6
4802,6
4803,1
4804,7
4805,1
4806,1
4807,9
4808,6
4809,3
4810,7
4811,7
4812,9
4813,2
4814,1
4815,3
4816,3
4817,7
4818,5
4819,7
4820,5
4821,1
4822,1
4823,4
4824,9
4825,5
4826,9
4827,5
4828,0
4829,1
4830,5
4831,6
4832,6
4833,0
4834,4
4835,9
4836,6
4837,3
4838,1
4839,8
4840,6
4841,2
4842,9
4843,4
4844,7
4845,2
4846,6
4847,5
4848,4
4849,7
4850,3
4851,6
4852,4
4853,2
4854,5
4855,2
4856,3
4857,0
4858,8
4859,1
4860,7
4861,7
4862,0
4863,3
4864,6
4865,7
4866,5
4867,1
4868,5
4869,9
4870,0
4871,6
4872,7
4873,3
4874,5
4875,0
4876,2
4877,3
4878,5
4879,0
4880,7
4881,2
4882,8
4883,3
4884,5
4885,4
4886,0
4887,5
4888,6
4889,7
4890,0
4891,4
4892,0
4893,3
4894,8
4895,6
4896,7
4897,4
4898,3
4899,5
4900,1
4901,3
4902,6
4903,2
4904,2
4905,2
4906,2
4907,4
4908,7
4909,7
4910,1
4911,5
4912,8
4913,9
4914,1
4915,5
4916,0
4917,4
4918,9
4919,5
4920,3
4921,0
4922,9
4923,8
4924,4
4925,4
4926,4
4927,8
4928,9
4929,3
4930,3
4931,3
4932,0
4933,9
4934,6
4935,3
4936,4
4937,0
4938,8
4939,7
4940,8
4941,0
4942,7
4943,6
4944,9
4945,3
4946,2
4947,5
4948,9
4949,9
4950,3
4951,9
4952,7
4953,8
4954,0
4955,5
4956,4
4957,1
4958,9
4959,3
4960,4
4961,1
4962,4
4963,4
4964,7
4965,3
4966,7
4967,7
4968,4
4969,4
4970,1
4971,8
4972,4
4973,2
4974,6
4975,3
4976,1
4977,2
4978,9
4979,8
4980,6
4981,0
4982,8
4983,0
4984,9
4985,9
4986,8
4987,8
4988,8
4989,6
4990,8
4991,7
4992,4
4993,1
4994,3
4995,2
4996,6
4997,0
4998,4
4999,7
5000,2
5001,1
